{
  "title": {
    "zh": "中文分类",
    "en": "Category"
  },
  "demos": [
    {
      "filename": "single-attribute.js",
      "title": {
        "zh": "单属性动画",
        "en": "Single attribute animation"
      },
      "screenshot": "https://gw.alipayobjects.com/mdn/rms_6ae20b/afts/img/A*hafUTp9MrfYAAAAAAAAAAABkARQnAQ"
    },
    {
      "filename": "multiple-attributes.js",
      "title": {
        "zh": "多属性动画",
        "en": "Multiple attributes animation"
      },
      "screenshot": "https://gw.alipayobjects.com/mdn/rms_6ae20b/afts/img/A*dZ03S7gEjz8AAAAAAAAAAABkARQnAQ"
    }
  ]
}