{
  "title": {
    "zh": "中文分类",
    "en": "Category"
  },
  "demos": [
    {
      "filename": "basic.js",
      "title": {
        "zh": "自定义帧动画",
        "en": "Customize frame animation"
      },
      "screenshot": "https://gw.alipayobjects.com/mdn/rms_6ae20b/afts/img/A*_uKETI3wWTQAAAAAAAAAAABkARQnAQ"
    },
    {
      "filename": "concurrent.js",
      "title": {
        "zh": "并行动画",
        "en": "Concurrent animation"
      },
      "screenshot": "https://gw.alipayobjects.com/mdn/rms_6ae20b/afts/img/A*lf_pTI4N8C8AAAAAAAAAAABkARQnAQ"
    },
    {
      "filename": "rotate.js",
      "title": {
        "zh": "旋转动画",
        "en": "Rotation animation"
      },
      "screenshot": "https://gw.alipayobjects.com/mdn/rms_6ae20b/afts/img/A*rtvKQIqsTkMAAAAAAAAAAABkARQnAQ"
    }
  ]
}